,Expected Return,Volatility,Sharpe Ratio
0,0.011319270500966911,0.03458939104475386,0.2912779982864496
1,0.019385494001538765,0.03893870119560984,0.4658951513277581
2,0.013067974556300422,0.027057984294067344,0.43698128109968337
3,0.012367388136357974,0.0336269887768852,0.33078329715029975
4,0.027398013836658883,0.0699888180237195,0.373686435343021
6,-0.0012326788798638316,0.03323299806125126,-0.07452896036651888
