,Expected Return,Volatility,Sharpe Ratio
0,0.016497529782116424,0.032676346987435705,0.4668021144615003
1,0.008105172961481902,0.03170668887226132,0.21639065099542862
2,0.017192475301984176,0.027654018924211682,0.5767094262207692
3,0.01054009361100709,0.0324253600054473,0.28668769425972923
4,0.007470308193093142,0.06487562399429969,0.09597081144277615
