,Expected Return,Volatility,Sharpe Ratio
0,0.010152693765685526,0.08048831280060982,0.11068130937531925
1,0.011934374749701116,0.025384341860189272,0.42113492219244975
2,0.011819881267526389,0.02965075123448338,0.3566769444857505
3,0.010455277105019265,0.04415298618600242,0.20861862322770047
