,Expected Return,Volatility,Sharpe Ratio
0,0.013003946071720222,0.044103566786297704,0.26664065999918285
1,0.013369369538853652,0.020696225962684132,0.5858666041437705
2,0.009805984671010789,0.03428590005380962,0.24971906066545546
3,0.026572517165803472,0.028192730530101157,0.8984009272623239
4,-0.006665435585538203,0.045623652488982376,-0.17336572303044007
5,0.013860403436062502,0.03800410881477482,0.3319709871910989
