Regime,mean,std,count,sharpe,frequency
1,0.006868755840199288,0.045059647032918655,87,0.15243696505614587,1.0
