Regime,mean,std,count,sharpe,frequency
0,0.014567307588587475,0.053813952696874744,43,0.2706975952991737,0.4942528735632184
1,0.022353729564499696,,1,,0.011494252873563218
2,0.004485170917788083,0.046814959844652164,43,0.09580636045980587,0.4942528735632184
