Regime,mean,std,count,sharpe,frequency
1,0.021799092747877086,,1,,0.011494252873563218
2,0.010350852884526963,0.04460078151613974,86,0.23207783659085182,0.9885057471264368
