Regime,mean,std,count,sharpe,frequency
1,-0.012192140394293552,,1,,0.011494252873563218
2,0.007274153205034097,0.04166381731918323,67,0.17459161625319594,0.7701149425287356
3,0.012860187346695997,0.04150581835062359,19,0.30984059242149076,0.21839080459770116
